{
  "Pharmacology": 2745.920238095238,
  "Chemistry / Materials Science": 2603.3017857142854,
  "Molecular biology / biochemistry": 2192.341865079365,
  "General biology / anatomy / physiology": 1496.3312499999997,
  "General / internal medicine": 1461.1689856150795,
  "Toxicology": 1154.9666666666667,
  "Genetics/genomics": 1005.7154761904764,
  "Clinical specialties by organ system": 916.5350694444443,
  "Immunology": 796.8423611111112,
  "Cell & developmental biology": 607.2307539682542,
  "Nutrition, metabolism, and food science": 547.7345238095239,
  "Multidisciplinary": 539.4333333333335,
  "Neuroscience & neurology": 371.061111111111,
  "Oncology": 362.6979166666666,
  "General natural sciences": 345.530753968254,
  "Microbiology/pathogenesis": 287.3255208333333,
  "Psychiatry & psychology": 285.7458994708995,
  "Surgery / anesthesia / perioperative": 273.84722222222223,
  "Public health / health services": 215.2820767195767,
  "Health disciplines": 196.4355034722222,
  "Diagnostics / pathology / radiology": 141.92638888888888,
  "Pediatrics / reproductive / developmental medicine": 132.5252976190476
}
